Iteration,Browser,Energy (Joules),Time (Seconds)
1,Firefox,2364.4547119140625,60.085926
2,Firefox,2594.4012451171875,60.087925
3,Firefox,2951.3075561523438,60.08074
4,Firefox,2392.1593017578125,60.122852
5,Chrome,1777.83740234375,60.13529
6,Firefox,2283.4539184570313,60.08788
7,Chrome,1848.3742065429688,60.095043
8,Firefox,2319.6478271484375,60.10097
9,Chrome,1704.0101928710938,60.096157
10,Firefox,2292.8413696289063,60.09147
11,Firefox,2247.9415283203125,60.101757
12,Chrome,1868.0581665039063,60.087894
13,Chrome,1909.5255126953125,60.09129
14,Chrome,1893.3711547851563,60.10341
15,Chrome,1852.70654296875,60.088947
16,Chrome,1740.9905395507813,60.10335
17,Firefox,2309.9708862304688,60.136528
18,Chrome,1849.9322509765625,60.104336
19,Chrome,1728.8624267578125,60.0894
20,Chrome,1748.7859497070313,60.102333
21,Firefox,2312.084228515625,60.08927
22,Chrome,1819.0902709960938,60.103916
23,Firefox,2393.3092041015625,60.084873
24,Chrome,1829.5439453125,60.138237
25,Chrome,1854.41943359375,60.10072
26,Firefox,2345.684326171875,60.09314
27,Firefox,2407.480224609375,60.08879
28,Chrome,1811.4178466796875,60.088074
29,Firefox,2417.2294921875,60.086834
30,Chrome,1891.519287109375,60.092495
31,Chrome,1904.732421875,60.10597
32,Chrome,1626.1151733398438,60.09332
33,Chrome,1607.8555908203125,60.087437
34,Chrome,1696.8832397460938,60.089214
35,Chrome,1700.5374755859375,60.107166
36,Firefox,2455.16357421875,60.082848
37,Firefox,2267.7974853515625,60.09958
38,Chrome,1852.72412109375,60.093422
39,Firefox,2338.3426513671875,60.1268
40,Firefox,2492.4907836914063,60.084583
41,Firefox,2385.4017944335938,60.089584
42,Firefox,2364.328857421875,60.10183
43,Chrome,1535.9784545898438,60.092888
44,Chrome,1741.9869995117188,60.105293
45,Firefox,2442.4491577148438,60.08676
46,Chrome,1759.0037231445313,60.090446
47,Chrome,1800.330078125,60.09827
48,Chrome,1751.5755615234375,60.09194
49,Firefox,2580.075927734375,60.0862
50,Firefox,2401.0062255859375,60.090523
51,Firefox,2466.811767578125,60.139996
52,Firefox,2417.17138671875,60.085426
53,Chrome,2066.7952880859375,60.086803
54,Chrome,2000.2911987304688,60.090096
55,Firefox,2503.4330444335938,60.093327
56,Firefox,2616.254150390625,60.083977
57,Firefox,2450.43994140625,60.08729
58,Firefox,2453.604736328125,60.144077
59,Firefox,2312.5023193359375,60.108936
60,Chrome,1698.9365844726563,60.10427
