Iteration,Browser,Energy (Joules), Time (Seconds)
1,Firefox,1594.447998046875,60.025143
2,Firefox,1833.4794311523438,60.013947
3,Firefox,1841.4417114257813,60.015366
4,Firefox,1819.1974487304688,60.01428
5,Chrome,1680.1434326171875,60.015327
6,Firefox,1872.5198364257813,60.01384
7,Chrome,1562.0478515625,60.014587
8,Chrome,1486.8953857421875,60.01273
9,Chrome,1589.6611328125,60.013298
10,Firefox,1793.398193359375,60.01504
11,Chrome,1541.9041137695313,60.011436
12,Firefox,1834.0337524414063,60.016037
13,Chrome,1571.7891235351563,60.012604
14,Chrome,1551.2860717773438,60.012188
15,Firefox,1727.0739135742188,60.01165
16,Chrome,1541.7952880859375,60.01497
17,Chrome,1634.4755859375,60.01337
18,Chrome,1532.2349243164063,60.01326
19,Chrome,1573.7330932617188,60.01345
20,Chrome,1705.6289672851563,60.01199
21,Chrome,1452.7861328125,60.014782
22,Chrome,1465.4100952148438,60.012745
23,Firefox,1755.7177124023438,60.013847
24,Chrome,1489.8634033203125,60.012413
25,Firefox,1803.3179931640625,60.013058
26,Chrome,1574.7562866210938,60.015717
27,Chrome,1557.0473022460938,60.013596
28,Firefox,1819.5825805664063,60.014748
29,Firefox,1833.6075439453125,60.014057
30,Firefox,1806.3453369140625,60.013638
31,Chrome,1648.481689453125,60.012665
32,Firefox,1795.1817626953125,60.013943
33,Chrome,1538.2631225585938,60.013863
34,Chrome,1515.7396850585938,60.013325
35,Chrome,1618.859619140625,60.01649
36,Chrome,1563.733154296875,60.01249
37,Firefox,1710.0189208984375,60.012356
38,Chrome,1578.2872924804688,60.012253
39,Firefox,1713.225341796875,60.015675
40,Firefox,1771.5321044921875,60.01474
41,Firefox,1825.80810546875,60.016647
42,Firefox,1838.1123657226563,60.01486
43,Chrome,1625.7200317382813,60.01336
44,Chrome,1499.8367919921875,60.013367
45,Chrome,1612.94873046875,60.01331
46,Firefox,1811.595947265625,60.01412
47,Firefox,1741.6575927734375,60.01288
48,Chrome,1565.0222778320313,60.013126
49,Chrome,1542.309814453125,60.013805
50,Firefox,1813.2926635742188,60.014065
51,Chrome,1472.1863403320313,60.0153
52,Firefox,1770.815185546875,60.015526
53,Firefox,1761.9430541992188,60.01219
54,Firefox,1769.2945556640625,60.013115
55,Firefox,1791.2601928710938,60.01231
56,Chrome,1384.13818359375,60.02381
57,Firefox,1599.7915649414063,60.022266
58,Firefox,1634.2490844726563,60.029068
59,Firefox,1630.5301513671875,60.021748
60,Firefox,1595.720458984375,60.027905