Iteration,Browser,Energy (Joules)
1,Chrome,352.4044084
2,Firefox,506.5569811
3,Chrome,361.7801093
4,Chrome,356.49465
5,Firefox,512.1571646
6,Chrome,366.4313444
7,Firefox,501.6858414
8,Chrome,369.9190754
9,Firefox,516.5822554
10,Chrome,348.2729474
11,Chrome,342.0070583
12,Chrome,349.3176831
13,Chrome,352.51709
14,Chrome,346.3218313
15,Firefox,509.3036037
16,Firefox,517.1692461
17,Firefox,513.4319936
18,Firefox,572.2500967
19,Firefox,587.9501729
20,Chrome,392.2696281
21,Firefox,581.0364416
22,Chrome,457.6058093
23,Chrome,393.0566413
24,Firefox,567.9895453
25,Firefox,607.435884
26,Chrome,468.9498466
27,Chrome,401.9035036
28,Chrome,462.4316467
29,Chrome,419.695195
30,Firefox,573.6917062
31,Firefox,568.5718427
32,Chrome,414.6180857
33,Chrome,407.9400125
34,Chrome,405.1274512
35,Firefox,570.4177328
36,Chrome,407.1508217
37,Chrome,389.3507891
38,Firefox,529.1494767
39,Firefox,602.8137151
40,Firefox,601.6512214
41,Chrome,462.7166833
42,Chrome,393.4296615
43,Chrome,389.2409969
44,Firefox,550.9801463
45,Chrome,451.7160054
46,Chrome,450.0174249
47,Firefox,629.1825804
48,Firefox,443.9641777
49,Firefox,444.3421417
50,Firefox,513.9891615
51,Firefox,500.4845767
52,Chrome,325.1445075
53,Firefox,511.2322037
54,Firefox,508.1770837
55,Chrome,338.4063041
56,Firefox,493.7600862
57,Firefox,509.0075949
58,Firefox,520.5593034
59,Chrome,236.7622233
60,Firefox,517.3989104